{
	"Community_Zone": [
	  {
		"x": 4.251159,
		"y": 2.157676
	  },
	  {
		"x": 4.251159,
		"y": 4.087676
	  },
	  {
		"x": 0.754253,
		"y": 4.087676
	  },
	  {
		"x": 0.754253,
		"y": 2.157676
	  }
	],

	"Loading_Zone": [
		{
			
		}
	]
  }
